phone,success_phone
1.0,0.375
3.0,0.0
4.0,0.222
7.0,0.0
8.0,0.0
9.0,0.138
11.0,0.0
12.0,0.333
13.0,0.4
14.0,0.178
16.0,0.294
17.0,0.0
18.0,0.227
19.0,0.235
20.0,0.0
21.0,0.0
22.0,0.0
23.0,0.188
25.0,0.0
26.0,0.186
27.0,0.0
28.0,0.0
30.0,0.0
31.0,0.216
32.0,0.0
33.0,0.0
34.0,0.0
35.0,0.0
36.0,0.095
37.0,0.356
38.0,1.0
39.0,0.0
40.0,0.0
41.0,0.273
44.0,0.222
45.0,0.462
46.0,1.0
47.0,0.667
48.0,0.0
49.0,0.0
50.0,0.308
53.0,0.0
54.0,1.0
56.0,0.0
57.0,0.147
58.0,0.333
60.0,0.333
61.0,0.667
62.0,0.0
63.0,1.0
65.0,0.097
66.0,0.0
67.0,0.0
70.0,0.175
71.0,0.0
72.0,0.0
73.0,0.412
74.0,0.333
75.0,0.667
77.0,0.17
79.0,0.4
80.0,0.0
81.0,0.0
82.0,0.25
84.0,0.25
86.0,0.308
88.0,0.524
89.0,0.0
90.0,0.0
91.0,0.0
94.0,0.0
95.0,0.0
96.0,0.0
100.0,0.289
101.0,0.6
103.0,0.135
104.0,0.0
106.0,0.0
108.0,0.25
111.0,0.036
113.0,0.0
114.0,0.403
115.0,0.0
116.0,0.364
118.0,1.0
120.0,1.0
123.0,0.0
124.0,0.244
127.0,0.0
131.0,0.16
132.0,0.113
133.0,0.667
135.0,0.375
136.0,1.0
137.0,0.516
139.0,0.333
141.0,0.299
142.0,0.069
144.0,0.0
145.0,0.0
146.0,0.0
147.0,0.23
149.0,0.667
151.0,0.0
152.0,0.0
153.0,0.0
154.0,0.261
155.0,0.0
156.0,0.0
157.0,0.0
158.0,0.0
161.0,0.0
163.0,0.286
165.0,0.25
166.0,0.0
167.0,0.203
168.0,0.667
169.0,0.0
170.0,0.0
171.0,0.8
172.0,1.0
174.0,0.6
175.0,0.107
176.0,0.0
177.0,0.231
179.0,0.0
180.0,0.231
182.0,0.0
184.0,0.186
185.0,0.308
187.0,0.25
188.0,0.0
189.0,0.429
190.0,0.5
192.0,0.25
193.0,0.0
195.0,0.0
197.0,0.0
198.0,0.111
199.0,0.091
200.0,0.143
201.0,0.156
202.0,0.0
203.0,0.269
204.0,0.1
205.0,0.262
206.0,0.267
208.0,0.152
209.0,0.163
210.0,0.0
212.0,0.4
214.0,0.1
215.0,0.375
216.0,0.196
217.0,0.1
218.0,0.0
219.0,0.286
220.0,1.0
222.0,0.077
223.0,0.0
224.0,0.059
225.0,1.0
226.0,0.103
227.0,0.133
228.0,0.0
229.0,0.207
230.0,0.167
231.0,0.143
232.0,0.227
233.0,0.0
234.0,0.25
235.0,0.429
236.0,0.1
238.0,0.0
239.0,0.062
240.0,0.059
245.0,0.0
246.0,0.0
248.0,1.0
250.0,0.0
251.0,0.125
252.0,0.5
253.0,0.067
254.0,0.25
256.0,0.105
258.0,0.0
260.0,0.0
261.0,0.0
262.0,0.0
263.0,0.667
264.0,0.0
265.0,0.0
266.0,0.0
267.0,0.167
268.0,1.0
269.0,0.083
270.0,0.364
271.0,0.0
272.0,0.0
274.0,0.0
275.0,0.195
276.0,0.166
277.0,0.286
278.0,0.0
281.0,0.0
282.0,0.233
283.0,0.333
285.0,0.102
286.0,1.0
290.0,0.3
291.0,0.0
292.0,1.0
295.0,0.0
296.0,0.0
297.0,0.0
298.0,0.138
299.0,0.0
300.0,0.0
301.0,0.0
302.0,0.5
303.0,0.0
304.0,0.0
305.0,0.0
306.0,0.667
307.0,0.333
308.0,0.333
313.0,0.028
314.0,0.0
315.0,0.2
316.0,0.0
317.0,0.281
318.0,0.5
319.0,0.0
320.0,0.4
323.0,0.167
324.0,0.091
325.0,0.0
326.0,0.0
328.0,1.0
330.0,0.0
331.0,0.0
332.0,0.12
333.0,0.184
334.0,0.5
336.0,0.0
337.0,0.0
338.0,0.241
339.0,0.0
340.0,0.0
342.0,0.158
343.0,0.254
344.0,0.25
345.0,0.191
346.0,0.2
347.0,1.0
348.0,0.3
349.0,0.143
350.0,0.053
351.0,0.0
352.0,0.4
353.0,0.0
354.0,0.182
355.0,0.0
356.0,0.21
360.0,0.0
364.0,0.258
366.0,0.2
367.0,0.0
369.0,0.333
370.0,0.0
372.0,0.0
373.0,0.0
374.0,0.0
375.0,0.0
376.0,0.333
377.0,0.143
378.0,0.0
379.0,0.114
382.0,0.5
383.0,0.333
384.0,0.125
386.0,0.0
387.0,0.0
388.0,1.0
389.0,0.093
392.0,0.093
393.0,0.0
394.0,0.8
396.0,0.308
397.0,0.0
399.0,0.143
400.0,0.0
402.0,0.0
403.0,0.17
404.0,0.25
405.0,0.0
406.0,1.0
409.0,0.4
410.0,0.0
412.0,0.286
413.0,0.0
415.0,0.286
416.0,0.25
418.0,0.0
420.0,0.4
421.0,0.267
422.0,0.0
423.0,0.188
424.0,0.25
428.0,0.0
429.0,0.367
431.0,0.0
432.0,0.0
434.0,0.667
435.0,0.188
436.0,0.0
437.0,0.148
438.0,0.143
439.0,0.178
440.0,0.4
443.0,0.5
444.0,0.0
445.0,0.0
446.0,0.0
449.0,0.0
450.0,0.0
451.0,0.0
452.0,0.25
454.0,0.0
455.0,0.201
456.0,0.162
457.0,0.132
458.0,0.103
459.0,0.167
461.0,0.0
462.0,0.167
463.0,0.0
464.0,0.0
467.0,0.667
468.0,0.165
469.0,0.0
471.0,0.0
472.0,0.0
473.0,0.3
474.0,0.0
475.0,0.0
476.0,0.0
477.0,0.0
478.0,0.0
479.0,0.462
482.0,0.0
483.0,0.0
484.0,0.0
486.0,0.0
487.0,1.0
488.0,0.0
489.0,0.0
491.0,0.0
492.0,0.254
493.0,0.195
495.0,0.0
496.0,0.206
498.0,0.286
499.0,0.0
500.0,0.16
503.0,0.0
505.0,0.0
506.0,0.0
507.0,0.204
509.0,0.0
510.0,0.0
511.0,0.125
512.0,0.156
513.0,0.0
516.0,0.212
517.0,0.0
518.0,0.0
521.0,0.0
523.0,0.0
526.0,0.0
527.0,0.208
528.0,0.25
529.0,0.219
530.0,0.0
532.0,0.0
533.0,0.4
534.0,0.333
536.0,0.0
537.0,0.0
541.0,0.5
542.0,0.0
543.0,0.5
545.0,0.0
546.0,0.196
549.0,0.364
550.0,0.216
551.0,0.286
553.0,0.0
554.0,0.4
556.0,0.273
557.0,0.091
558.0,0.5
559.0,0.0
560.0,0.0
562.0,0.179
563.0,0.296
564.0,0.0
566.0,0.133
567.0,0.133
569.0,0.211
570.0,0.0
572.0,0.197
573.0,0.0
574.0,0.833
576.0,1.0
577.0,0.0
578.0,0.0
579.0,0.4
580.0,0.0
581.0,0.0
582.0,0.0
583.0,0.4
584.0,0.0
585.0,0.0
586.0,0.0
588.0,0.0
590.0,0.556
592.0,0.0
593.0,0.0
598.0,0.0
599.0,0.0
600.0,0.124
601.0,0.286
602.0,0.308
603.0,0.286
604.0,0.0
605.0,0.4
606.0,0.0
607.0,0.0
608.0,0.0
609.0,1.0
610.0,0.273
612.0,0.0
614.0,0.0
618.0,0.0
619.0,0.0
621.0,0.207
622.0,0.4
624.0,0.27
625.0,0.333
626.0,0.0
627.0,0.222
629.0,0.143
631.0,0.1
632.0,0.0
633.0,1.0
634.0,0.159
635.0,0.0
637.0,0.0
638.0,0.667
639.0,0.188
640.0,0.0
641.0,0.0
642.0,0.0
643.0,0.1
644.0,0.0
645.0,0.105
646.0,0.23
647.0,0.0
648.0,0.0
649.0,0.214
650.0,0.0
652.0,0.158
653.0,0.154
654.0,0.0
655.0,0.0
656.0,0.0
659.0,0.0
660.0,1.0
661.0,0.2
663.0,0.0
664.0,0.5
665.0,0.353
666.0,0.167
667.0,0.0
668.0,0.0
669.0,0.0
671.0,0.0
673.0,0.167
675.0,0.143
676.0,0.0
679.0,0.0
681.0,0.144
682.0,0.0
683.0,0.0
684.0,0.0
685.0,0.15
687.0,0.381
688.0,0.0
689.0,0.4
692.0,0.317
693.0,0.5
694.0,0.276
696.0,0.267
700.0,0.0
701.0,0.6
702.0,0.4
703.0,0.083
704.0,0.0
705.0,0.0
708.0,0.0
710.0,1.0
711.0,0.0
712.0,0.252
714.0,1.0
715.0,0.0
719.0,0.0
722.0,0.25
723.0,0.358
724.0,0.31
725.0,0.0
726.0,0.0
727.0,0.0
728.0,0.367
729.0,0.121
730.0,0.0
731.0,0.3
732.0,0.24
735.0,0.123
737.0,0.333
738.0,0.0
739.0,1.0
740.0,0.0
741.0,0.0
742.0,0.3
743.0,0.164
744.0,0.235
745.0,0.359
747.0,1.0
748.0,0.0
750.0,0.315
751.0,0.0
753.0,0.043
754.0,1.0
757.0,0.17
758.0,1.0
759.0,0.333
761.0,0.0
762.0,0.2
764.0,0.357
765.0,0.0
766.0,1.0
767.0,0.0
768.0,1.0
769.0,0.174
770.0,0.192
771.0,0.133
772.0,0.095
773.0,0.168
774.0,0.333
775.0,0.0
777.0,0.261
778.0,1.0
779.0,0.305
780.0,0.254
781.0,1.0
782.0,0.0
785.0,0.167
786.0,0.0
788.0,0.0
789.0,0.25
791.0,0.0
792.0,0.2
793.0,0.095
795.0,0.0
796.0,0.333
797.0,0.278
798.0,0.0
799.0,0.75
801.0,0.52
802.0,0.265
803.0,1.0
804.0,0.147
806.0,0.102
807.0,0.111
808.0,0.193
809.0,0.172
810.0,0.0
812.0,0.0
813.0,0.5
815.0,1.0
816.0,0.5
817.0,0.0
818.0,0.0
819.0,0.667
820.0,0.143
821.0,0.0
823.0,0.098
824.0,0.0
825.0,0.2
826.0,0.0
827.0,0.0
828.0,0.0
829.0,0.0
830.0,0.333
831.0,0.5
832.0,0.727
833.0,0.0
834.0,0.083
835.0,0.072
836.0,1.0
837.0,0.0
838.0,0.0
839.0,0.231
840.0,0.143
841.0,0.333
842.0,1.0
844.0,0.215
845.0,0.286
848.0,0.143
849.0,1.0
850.0,0.0
852.0,0.125
853.0,0.182
855.0,0.75
856.0,1.0
857.0,0.194
858.0,1.0
860.0,0.087
861.0,0.0
864.0,0.333
865.0,0.154
866.0,1.0
867.0,0.133
868.0,0.0
869.0,1.0
870.0,1.0
871.0,0.154
873.0,1.0
874.0,0.375
876.0,1.0
878.0,0.222
879.0,0.0
883.0,0.375
884.0,0.04
885.0,0.0
887.0,0.0
888.0,0.0
890.0,1.0
891.0,0.0
893.0,0.197
894.0,0.019
895.0,0.0
897.0,0.0
898.0,0.3
900.0,0.5
901.0,0.0
905.0,0.32
906.0,0.083
907.0,0.0
909.0,0.0
910.0,0.571
912.0,0.0
913.0,0.5
915.0,1.0
916.0,0.143
917.0,0.222
918.0,0.0
919.0,0.228
921.0,0.143
922.0,0.0
923.0,0.199
924.0,0.0
926.0,0.08
927.0,0.0
928.0,0.455
930.0,1.0
932.0,0.222
933.0,0.125
934.0,0.083
935.0,0.077
936.0,0.168
937.0,0.0
938.0,0.429
939.0,0.136
941.0,0.161
942.0,0.083
944.0,0.0
945.0,0.34
947.0,0.286
948.0,0.25
950.0,0.225
951.0,0.0
952.0,0.333
953.0,0.0
956.0,0.118
958.0,0.0
960.0,0.169
961.0,0.2
962.0,0.0
964.0,0.111
965.0,0.2
966.0,0.0
967.0,0.364
969.0,0.0
970.0,0.0
974.0,0.0
975.0,0.0
978.0,0.303
979.0,0.0
980.0,0.246
981.0,0.0
983.0,0.0
984.0,0.186
985.0,0.1
986.0,0.232
988.0,0.2
989.0,0.4
990.0,0.0
991.0,0.0
992.0,0.138
994.0,0.125
997.0,0.0
998.0,0.0
999.0,0.0
1000.0,0.4
1001.0,0.0
1002.0,0.181
1003.0,0.0
1005.0,0.19
1006.0,0.286
1007.0,0.0
1009.0,0.125
1010.0,0.667
1011.0,1.0
1012.0,1.0
1013.0,0.0
1014.0,0.143
1015.0,0.232
1016.0,0.0
1017.0,0.0
1018.0,1.0
1019.0,0.0
1022.0,0.304
1023.0,0.0
1024.0,0.0
1025.0,0.25
1026.0,0.246
1027.0,0.0
1029.0,1.0
1030.0,0.167
1032.0,0.25
1033.0,0.0
1034.0,0.111
1035.0,0.125
1036.0,1.0
1037.0,0.0
1039.0,0.189
1040.0,0.241
1041.0,0.111
1042.0,0.0
1044.0,1.0
1045.0,0.0
1046.0,0.5
1049.0,0.0
1052.0,0.077
1053.0,0.2
1054.0,0.0
1055.0,0.124
1056.0,1.0
1057.0,0.181
1058.0,0.0
1060.0,0.5
1061.0,0.333
1062.0,0.0
1064.0,0.152
1065.0,0.0
1066.0,0.1
1067.0,0.0
1068.0,0.0
1070.0,0.0
1072.0,0.314
1073.0,0.091
1077.0,0.103
1078.0,0.0
1079.0,0.125
1080.0,0.263
1082.0,0.5
1083.0,0.0
1084.0,0.357
1085.0,0.0
1086.0,0.0
1087.0,0.0
1092.0,0.191
1093.0,1.0
1094.0,1.0
1095.0,0.0
1096.0,0.0
1098.0,0.0
1099.0,0.143
1100.0,1.0
1101.0,0.199
1102.0,0.0
1103.0,0.1
1105.0,0.235
1107.0,0.0
1108.0,0.4
1109.0,0.0
1110.0,0.5
1111.0,0.0
1112.0,0.286
1113.0,0.4
1117.0,0.5
1118.0,0.111
1119.0,0.25
1120.0,0.222
1121.0,0.286
1123.0,0.105
1127.0,0.4
1128.0,0.0
1130.0,0.0
1132.0,0.15
1133.0,0.0
1135.0,0.0
1136.0,0.234
1138.0,0.165
1139.0,0.143
1141.0,0.0
1143.0,0.136
1144.0,0.0
1145.0,0.0
1146.0,0.0
1147.0,0.0
1149.0,0.097
1150.0,0.0
1151.0,0.293
1152.0,0.667
1153.0,0.5
1154.0,0.833
1155.0,0.167
1156.0,0.235
1157.0,0.0
1158.0,0.191
1160.0,0.227
1161.0,0.253
1164.0,0.333
1165.0,0.118
1166.0,0.0
1167.0,0.333
1168.0,0.333
1169.0,1.0
1170.0,1.0
1171.0,0.21
1172.0,0.08
1173.0,0.0
1174.0,0.094
1175.0,0.0
1179.0,0.0
1180.0,0.0
1181.0,0.042
1182.0,0.348
1184.0,0.0
1185.0,0.0
1186.0,0.0
1187.0,0.0
1188.0,0.0
1189.0,0.083
1190.0,0.0
1192.0,0.0
1193.0,0.0
1195.0,0.0
1196.0,0.0
1198.0,0.0
1199.0,0.5
1201.0,0.5
1203.0,0.0
1204.0,1.0
1205.0,0.0
1206.0,0.0
1207.0,0.286
1208.0,0.25
1209.0,0.0
1211.0,0.0
1212.0,0.105
1213.0,0.0
1214.0,0.0
1215.0,0.0
1216.0,0.4
1218.0,0.0
1219.0,0.0
1221.0,0.0
1222.0,0.105
1223.0,0.22
1225.0,0.19
1226.0,0.133
1227.0,0.333
1231.0,1.0
1232.0,1.0
1233.0,0.235
1234.0,0.0
1235.0,0.067
1236.0,0.0
1238.0,0.0
1239.0,0.0
1241.0,0.254
1243.0,0.0
1244.0,0.0
1248.0,0.0
1250.0,0.085
1251.0,0.25
1252.0,1.0
1253.0,1.0
1254.0,0.333
1255.0,0.154
1257.0,0.196
1258.0,0.25
1260.0,0.333
1261.0,0.182
1262.0,0.667
1263.0,1.0
1265.0,0.0
1267.0,0.429
1268.0,0.0
1269.0,0.4
1270.0,0.312
1271.0,0.0
1273.0,0.0
1274.0,0.152
1277.0,0.189
1281.0,0.071
1282.0,1.0
1283.0,0.333
1284.0,1.0
1285.0,0.333
1286.0,0.0
1288.0,0.28
1289.0,0.0
1290.0,0.0
1291.0,0.19
1292.0,0.4
1293.0,0.333
1295.0,0.0
1296.0,0.168
1298.0,0.253
1299.0,0.0
1300.0,1.0
1301.0,0.176
1303.0,0.185
1304.0,1.0
1305.0,0.0
1306.0,0.231
1307.0,0.121
1309.0,0.0
1310.0,0.353
1311.0,0.6
1315.0,0.0
1316.0,0.183
1317.0,0.0
1318.0,0.189
1320.0,1.0
1321.0,0.0
1322.0,0.0
1324.0,0.0
1325.0,0.667
1328.0,0.593
1329.0,0.0
1330.0,0.125
1331.0,0.182
1333.0,0.115
1334.0,0.3
1335.0,0.172
1336.0,0.176
1337.0,0.0
1338.0,0.237
1341.0,0.104
1343.0,0.211
1344.0,0.125
1346.0,0.0
1347.0,0.0
1349.0,0.083
1350.0,0.0
1351.0,0.231
1352.0,0.2
1353.0,0.109
1354.0,0.0
1357.0,0.105
1358.0,0.0
1359.0,0.0
1360.0,0.333
1361.0,0.0
1362.0,0.282
1363.0,0.5
1364.0,0.0
1365.0,0.188
1366.0,0.0
1367.0,0.0
1368.0,0.0
1370.0,0.261
1371.0,0.4
1373.0,0.227
1374.0,0.0
1375.0,0.0
1376.0,0.0
1377.0,0.0
1378.0,0.0
1379.0,0.556
1380.0,0.182
1381.0,0.153
1382.0,0.571
1383.0,1.0
1384.0,0.206
1385.0,0.0
1386.0,0.0
1388.0,0.0
1389.0,0.0
1390.0,0.143
1391.0,0.0
1392.0,0.0
1393.0,0.0
1394.0,0.0
1395.0,0.0
1396.0,0.154
1397.0,0.0
1399.0,0.0
1400.0,0.069
1401.0,0.0
1402.0,0.133
1403.0,0.333
1404.0,0.105
1405.0,0.0
1406.0,0.181
1407.0,0.0
1409.0,0.059
1410.0,0.273
1411.0,0.077
1413.0,0.05
1414.0,0.0
1415.0,0.0
1416.0,0.143
1417.0,0.6
1418.0,0.105
1419.0,1.0
1420.0,0.0
1421.0,0.111
1422.0,0.0
1424.0,0.176
1425.0,0.0
1426.0,0.0
1428.0,0.0
1429.0,0.264
1430.0,1.0
1431.0,0.087
1432.0,1.0
1433.0,0.0
1434.0,0.667
1435.0,1.0
1436.0,0.235
1437.0,0.333
1438.0,0.0
1442.0,0.182
1443.0,0.0
1445.0,0.0
1446.0,0.5
1447.0,0.5
1448.0,0.0
1449.0,0.0
1450.0,0.0
1453.0,0.231
1454.0,0.0
1455.0,0.091
1457.0,0.0
1458.0,0.0
1461.0,0.0
1462.0,0.167
1463.0,0.0
1464.0,0.0
1465.0,0.667
1466.0,0.0
1467.0,0.286
1469.0,0.0
1470.0,0.444
1471.0,0.667
1473.0,0.226
1474.0,0.118
1475.0,0.0
1476.0,0.0
1478.0,0.0
1479.0,0.207
1480.0,0.067
1481.0,0.167
1484.0,0.186
1486.0,0.0
1487.0,0.0
1488.0,1.0
1489.0,0.0
1490.0,0.062
1491.0,0.364
1493.0,1.0
1495.0,0.0
1496.0,0.255
1497.0,0.247
1499.0,0.127
1500.0,0.0
1503.0,0.286
1506.0,0.321
1508.0,0.2
1509.0,0.211
1511.0,0.229
1513.0,0.333
1514.0,0.203
1515.0,0.0
1516.0,0.244
1517.0,0.0
1518.0,0.141
1519.0,0.22
1520.0,0.31
1522.0,0.261
1523.0,0.142
1524.0,1.0
1525.0,0.136
1526.0,0.0
1527.0,0.0
1528.0,0.0
1529.0,0.2
1531.0,0.412
1532.0,0.0
1534.0,0.0
1535.0,0.208
1537.0,0.0
1538.0,0.1
1544.0,0.125
1545.0,0.167
1546.0,0.0
1550.0,0.0
1551.0,0.0
1552.0,1.0
1553.0,1.0
1554.0,0.333
1555.0,0.0
1556.0,0.118
1558.0,0.0
1559.0,0.137
1560.0,0.224
1561.0,0.216
1562.0,0.0
1563.0,0.326
1564.0,0.2
1565.0,0.062
1566.0,0.2
1567.0,0.3
1568.0,1.0
1569.0,0.333
1570.0,0.0
1572.0,0.154
1573.0,0.203
1574.0,0.467
1575.0,0.175
1577.0,0.4
1578.0,0.168
1579.0,0.375
1580.0,0.111
1581.0,0.0
1582.0,0.045
1583.0,0.333
1584.0,1.0
1585.0,0.182
1586.0,0.0
1587.0,0.111
1588.0,1.0
1589.0,0.104
1590.0,0.209
1591.0,0.0
1592.0,0.13
1595.0,0.455
1596.0,0.278
1598.0,0.0
1599.0,0.091
1600.0,0.0
1601.0,0.176
1602.0,0.0
1603.0,1.0
1605.0,0.429
1606.0,0.251
1607.0,0.2
1608.0,0.5
1609.0,0.0
1611.0,0.667
1612.0,1.0
1613.0,0.0
1614.0,0.064
1616.0,0.333
1618.0,0.421
1619.0,0.0
1620.0,1.0
1621.0,0.0
1622.0,0.333
1623.0,0.0
1624.0,0.333
1627.0,0.143
1630.0,0.25
1632.0,0.429
1633.0,0.0
1635.0,0.5
1636.0,0.0
1638.0,0.143
1639.0,0.0
1640.0,0.227
1641.0,0.0
1642.0,0.75
1645.0,0.187
1646.0,0.364
1648.0,0.161
1649.0,0.0
1650.0,0.0
1651.0,0.2
1652.0,0.192
1654.0,0.151
1656.0,0.231
1657.0,0.0
1658.0,0.6
1659.0,0.2
1660.0,0.0
1661.0,0.111
1662.0,0.0
1663.0,1.0
1664.0,0.1
1665.0,0.111
1666.0,0.5
1668.0,0.2
1669.0,0.2
1670.0,0.0
1671.0,0.0
1672.0,0.75
1673.0,0.095
1675.0,0.103
1678.0,0.0
1679.0,0.0
1680.0,1.0
1681.0,0.0
1682.0,0.0
1683.0,0.571
1684.0,1.0
1685.0,0.471
1686.0,0.125
1687.0,0.0
1688.0,0.0
1689.0,0.286
1690.0,0.154
1691.0,0.0
1694.0,0.173
1695.0,0.0
1696.0,0.0
1697.0,0.4
1698.0,0.204
1699.0,0.119
1700.0,0.333
1701.0,0.333
1703.0,0.0
1704.0,0.0
1705.0,0.091
1708.0,1.0
1709.0,1.0
1711.0,0.222
1712.0,1.0
1714.0,0.0
1715.0,0.0
1718.0,0.4
1719.0,0.167
1722.0,0.346
1723.0,0.167
1724.0,0.0
1725.0,0.333
1726.0,0.0
1727.0,0.217
1728.0,0.1
1729.0,0.286
1732.0,1.0
1733.0,1.0
1735.0,0.214
1736.0,0.0
1737.0,0.625
1738.0,0.263
1739.0,0.0
1741.0,1.0
1742.0,0.236
1743.0,1.0
1744.0,0.0
1746.0,0.5
1747.0,0.0
1748.0,0.0
1749.0,0.0
1750.0,0.208
1751.0,0.0
1754.0,0.143
1755.0,0.0
1756.0,0.2
1757.0,0.667
1761.0,0.3
1762.0,1.0
1764.0,0.186
1765.0,0.185
1766.0,0.4
1767.0,0.333
1769.0,0.199
1770.0,0.143
1772.0,0.176
1773.0,0.221
1774.0,0.0
1775.0,0.0
1777.0,0.231
1778.0,0.25
1779.0,0.0
1781.0,0.05
1782.0,0.0
1783.0,1.0
1784.0,0.259
1785.0,0.273
1786.0,0.5
1787.0,0.5
1788.0,0.333
1789.0,1.0
1791.0,0.1
1793.0,0.215
1794.0,0.125
1795.0,0.25
1796.0,0.0
1797.0,0.0
1799.0,0.0
1800.0,1.0
1801.0,0.111
1802.0,0.185
1803.0,0.074
1804.0,0.0
1806.0,1.0
1807.0,0.0
1808.0,0.0
1810.0,0.191
1811.0,0.0
1812.0,0.5
1813.0,0.0
1814.0,0.244
1815.0,0.0
1816.0,0.25
1817.0,0.169
1818.0,0.0
1819.0,0.127
1821.0,0.0
1822.0,0.333
1823.0,0.174
1824.0,0.667
1825.0,1.0
1829.0,0.149
1830.0,0.0
1831.0,0.0
1832.0,0.333
1834.0,0.667
1835.0,0.0
1836.0,0.15
1837.0,0.0
1838.0,0.182
1839.0,0.25
1842.0,0.0
1843.0,1.0
1844.0,0.231
1847.0,0.0
1848.0,0.0
1849.0,0.0
1850.0,0.0
1852.0,0.0
1853.0,0.0
1859.0,0.266
1860.0,0.0
1863.0,0.154
1864.0,1.0
1865.0,0.0
1868.0,0.2
1869.0,0.167
1871.0,1.0
1873.0,0.0
1875.0,0.143
1876.0,0.219
1877.0,0.438
1878.0,0.0
1880.0,0.0
1881.0,1.0
1883.0,0.177
1884.0,0.279
1885.0,0.0
1886.0,0.0
1887.0,0.0
1888.0,0.0
1890.0,0.08
1891.0,0.118
1892.0,0.0
1893.0,0.143
1894.0,0.0
1895.0,0.095
1896.0,0.25
1897.0,0.0
1898.0,0.369
1901.0,0.0
1902.0,0.286
1904.0,0.127
1905.0,0.0
1906.0,0.0
1907.0,0.141
1909.0,1.0
1911.0,0.222
1912.0,1.0
1913.0,0.0
1915.0,0.0
1916.0,0.189
1918.0,0.8
1920.0,0.111
1921.0,0.5
1922.0,1.0
1925.0,0.333
1927.0,0.667
1930.0,0.286
1931.0,1.0
1932.0,0.0
1933.0,0.0
1934.0,0.0
1935.0,0.208
1936.0,1.0
1937.0,0.0
1938.0,0.237
1939.0,0.287
1940.0,0.182
1941.0,1.0
1943.0,0.0
1944.0,0.0
1945.0,0.211
1946.0,0.0
1948.0,0.176
1949.0,0.0
1950.0,0.04
1951.0,0.103
1952.0,0.219
1953.0,0.0
1954.0,0.0
1955.0,0.333
1956.0,1.0
1961.0,0.333
1962.0,1.0
1964.0,0.0
1967.0,0.235
1969.0,0.0
1970.0,1.0
1972.0,0.206
1973.0,0.0
1974.0,0.184
1977.0,0.289
1978.0,0.0
1979.0,0.339
1980.0,0.0
1981.0,0.08
1982.0,0.286
1983.0,1.0
1985.0,0.0
1986.0,0.121
1988.0,0.168
1989.0,0.238
1990.0,0.0
1991.0,0.306
1992.0,1.0
1993.0,0.0
1994.0,0.176
1996.0,1.0
1998.0,0.0
1999.0,0.059
2000.0,0.286
2001.0,0.158
2002.0,0.0
2004.0,0.0
2005.0,0.3
2007.0,0.667
2009.0,0.5
2010.0,0.0
2011.0,0.0
2015.0,0.286
2016.0,0.0
2018.0,0.333
2021.0,0.0
2024.0,0.0
2025.0,0.0
2027.0,0.198
2028.0,0.0
2029.0,0.134
2030.0,0.857
2031.0,0.0
2032.0,0.667
2033.0,1.0
2034.0,0.141
2035.0,0.0
2036.0,0.0
2037.0,0.091
2038.0,0.5
2039.0,0.183
2040.0,0.0
2041.0,1.0
2042.0,0.077
2043.0,0.0
2045.0,0.381
2047.0,0.0
2048.0,0.0
2049.0,0.0
2050.0,0.0
2051.0,0.25
2053.0,0.0
2054.0,0.0
2055.0,0.0
2057.0,0.125
2058.0,0.0
2059.0,0.0
2060.0,0.209
2061.0,0.183
2062.0,0.0
2063.0,0.28
2065.0,0.0
2066.0,0.0
2067.0,0.125
2068.0,0.111
2069.0,0.0
2070.0,0.226
2072.0,0.2
2073.0,0.282
2076.0,0.0
2077.0,1.0
2078.0,0.6
2079.0,0.2
2080.0,0.4
2081.0,0.0
2083.0,0.107
2085.0,0.252
2086.0,0.48
2087.0,0.071
2088.0,0.0
2089.0,0.0
2091.0,0.0
2092.0,0.0
2093.0,0.062
2094.0,0.0
2095.0,0.246
2096.0,0.0
2098.0,0.212
2099.0,0.0
2100.0,0.0
2101.0,0.0
2104.0,0.0
2107.0,0.0
2108.0,0.148
2109.0,0.0
2110.0,0.0
2111.0,0.0
2112.0,1.0
2113.0,0.571
2114.0,0.25
2115.0,0.25
2116.0,0.0
2118.0,0.244
2119.0,0.0
2120.0,0.667
2121.0,0.176
2122.0,0.083
2123.0,0.0
2124.0,0.067
2126.0,0.5
2129.0,0.0
2130.0,0.364
2131.0,0.0
2132.0,0.0
2134.0,0.269
2135.0,0.184
2136.0,0.118
2137.0,0.068
2138.0,0.0
2140.0,0.0
2141.0,0.0
2142.0,0.0
2143.0,0.239
2144.0,0.091
2146.0,0.0
2147.0,0.0
2148.0,1.0
2151.0,0.2
2152.0,1.0
2153.0,0.2
2154.0,0.5
2156.0,0.385
2157.0,0.146
2158.0,1.0
2159.0,0.0
2160.0,0.5
2161.0,0.125
2162.0,0.5
2164.0,0.0
2165.0,0.0
2166.0,0.0
2167.0,0.0
2168.0,1.0
2169.0,0.029
2170.0,0.262
2171.0,0.062
2172.0,0.25
2173.0,0.2
2176.0,0.118
2178.0,0.0
2179.0,0.0
2181.0,0.0
2184.0,0.0
2185.0,0.0
2186.0,0.303
2187.0,1.0
2188.0,0.176
2189.0,0.333
2190.0,0.149
2191.0,0.169
2192.0,0.0
2193.0,0.156
2197.0,1.0
2198.0,0.149
2199.0,0.206
2200.0,0.221
2201.0,0.154
2202.0,0.667
2204.0,0.5
2205.0,1.0
2207.0,0.087
2208.0,0.138
2209.0,0.0
2210.0,0.224
2214.0,0.0
2215.0,0.143
2216.0,0.5
2220.0,0.0
2221.0,0.3
2222.0,0.0
2223.0,0.045
2225.0,0.333
2226.0,0.0
2228.0,1.0
2230.0,1.0
2231.0,0.5
2233.0,0.333
2235.0,0.167
2236.0,0.8
2237.0,0.178
2238.0,0.102
2239.0,0.0
2240.0,0.438
2241.0,0.4
2242.0,0.333
2243.0,0.067
2244.0,0.185
2245.0,0.0
2246.0,0.0
2248.0,0.208
2249.0,0.091
2250.0,0.0
2251.0,0.182
2252.0,0.148
2253.0,0.4
2254.0,0.0
2255.0,0.0
2256.0,0.0
2257.0,1.0
2258.0,0.19
2260.0,1.0
2261.0,0.25
2262.0,0.0
2263.0,0.141
2264.0,0.0
2265.0,0.25
2266.0,0.0
2267.0,0.142
2269.0,0.0
2271.0,0.2
2272.0,0.0
2273.0,0.273
2276.0,0.0
2277.0,0.0
2278.0,0.0
2280.0,0.252
2281.0,1.0
2282.0,0.0
2283.0,0.206
2285.0,0.0
2287.0,0.19
2288.0,0.167
2289.0,0.167
2290.0,0.0
2291.0,0.263
2293.0,0.0
2294.0,0.0
2295.0,0.0
2296.0,0.0
2298.0,0.25
2299.0,0.0
2300.0,0.0
2301.0,0.467
2302.0,0.128
2303.0,0.0
2304.0,0.0
2305.0,0.286
2306.0,0.0
2307.0,0.0
2308.0,0.5
2309.0,0.0
2310.0,0.0
2311.0,0.0
2312.0,0.264
2314.0,1.0
2316.0,0.237
2317.0,0.0
2318.0,1.0
2319.0,0.0
2320.0,1.0
2321.0,0.0
2322.0,0.125
2323.0,0.4
2324.0,0.227
2325.0,0.24
2327.0,0.175
2329.0,0.0
2330.0,0.0
2331.0,0.0
2334.0,0.333
2336.0,0.11
2338.0,0.0
2339.0,0.0
2341.0,0.083
2343.0,0.4
2344.0,0.0
2346.0,0.182
2347.0,0.0
2350.0,0.067
2352.0,0.0
2353.0,0.5
2354.0,1.0
2355.0,0.0
2356.0,0.241
2357.0,0.363
2359.0,0.0
2360.0,0.667
2362.0,0.333
2363.0,0.333
2366.0,0.333
2367.0,0.0
2372.0,0.0
2373.0,0.0
2374.0,0.286
2375.0,0.0
2376.0,0.279
2377.0,0.286
2378.0,0.0
2379.0,0.0
2380.0,1.0
2381.0,0.462
2382.0,0.0
2385.0,0.0
2386.0,0.25
2387.0,0.19
2388.0,0.167
2390.0,0.182
2391.0,0.185
2392.0,0.133
2393.0,0.194
2394.0,0.455
2395.0,0.0
2396.0,0.205
2397.0,0.333
2398.0,0.139
2399.0,0.667
2400.0,0.286
2402.0,0.333
2403.0,0.167
2404.0,0.111
2405.0,0.0
2407.0,0.25
2408.0,1.0
2409.0,0.35
2410.0,0.8
2411.0,0.25
2412.0,0.0
2413.0,0.444
2414.0,0.0
2415.0,0.261
2416.0,0.0
2417.0,1.0
2418.0,0.0
2419.0,0.25
2420.0,1.0
2421.0,0.0
2422.0,0.185
2423.0,0.111
2425.0,0.3
2426.0,0.0
2427.0,1.0
2428.0,0.22
2429.0,0.233
2431.0,0.0
2432.0,0.133
2433.0,0.143
2434.0,0.0
2435.0,0.375
2437.0,0.136
2438.0,0.28
2439.0,1.0
2441.0,1.0
2443.0,0.095
2444.0,0.0
2447.0,0.244
2448.0,0.0
2450.0,0.0
2451.0,0.125
2453.0,0.225
2454.0,0.0
2455.0,0.278
2457.0,0.167
2458.0,0.0
2459.0,0.167
2460.0,0.225
2462.0,0.0
2463.0,0.0
2465.0,0.0
2467.0,0.0
2468.0,0.309
2469.0,0.21
2470.0,0.0
2471.0,0.0
2472.0,0.5
2473.0,0.0
2477.0,0.5
2478.0,0.0
2479.0,0.393
2480.0,0.385
2481.0,0.0
2482.0,0.0
2483.0,0.029
2484.0,0.113
2485.0,0.0
2486.0,0.0
2487.0,0.2
2488.0,0.247
2489.0,0.128
2490.0,0.0
2491.0,0.034
2492.0,1.0
2494.0,0.309
2495.0,1.0
2496.0,0.0
2497.0,0.667
2499.0,0.0
2500.0,0.13
2501.0,0.143
2502.0,0.148
2506.0,0.216
2507.0,0.191
2508.0,0.0
2509.0,0.0
2510.0,0.241
2512.0,0.0
2514.0,0.0
2515.0,0.0
2516.0,0.0
2517.0,1.0
2518.0,0.1
2519.0,0.135
2520.0,0.209
2521.0,0.0
2523.0,0.0
2524.0,0.0
2525.0,0.0
2526.0,1.0
2528.0,0.057
2529.0,0.207
2530.0,0.261
2531.0,0.0
2532.0,0.19
2533.0,0.5
2535.0,1.0
2537.0,0.154
2538.0,0.0
2539.0,1.0
2540.0,0.0
2541.0,0.0
2543.0,0.0
2544.0,0.173
2545.0,0.0
2548.0,1.0
2549.0,0.5
2550.0,0.125
2552.0,0.188
2553.0,0.333
2554.0,0.0
2555.0,0.357
2556.0,0.0
2558.0,0.0
2560.0,0.125
2561.0,0.122
2562.0,1.0
2563.0,0.0
2564.0,0.293
2566.0,0.0
2567.0,0.23
2568.0,0.4
2569.0,0.667
2570.0,0.0
2573.0,0.4
2574.0,0.333
2575.0,0.0
2577.0,0.0
2578.0,0.212
2580.0,0.0
2581.0,0.289
2582.0,0.222
2584.0,0.207
2585.0,0.082
2586.0,0.111
2587.0,0.0
2588.0,0.0
2589.0,0.032
2591.0,1.0
2592.0,0.238
2593.0,0.106
2596.0,0.0
2597.0,0.0
2598.0,0.0
2599.0,0.0
2601.0,0.303
2603.0,0.0
2604.0,0.148
2605.0,0.215
2607.0,1.0
2608.0,0.0
2610.0,0.0
2611.0,0.315
2615.0,0.333
2616.0,0.031
2617.0,0.0
2618.0,0.0
2619.0,0.372
2620.0,1.0
2621.0,0.2
2622.0,0.4
2623.0,0.0
2625.0,0.195
2626.0,0.151
2628.0,1.0
2629.0,0.0
2631.0,1.0
2632.0,0.0
2633.0,0.219
2634.0,0.118
2635.0,0.333
2636.0,0.0
2637.0,0.167
2638.0,0.0
2639.0,1.0
2640.0,0.0
2641.0,0.0
2642.0,0.2
2643.0,0.0
2644.0,0.0
2645.0,0.0
2646.0,0.0
2647.0,0.0
2648.0,0.0
2649.0,0.0
2650.0,0.4
2651.0,0.0
2653.0,0.153
2658.0,0.667
2660.0,0.0
2661.0,0.438
2662.0,0.295
2663.0,0.0
2664.0,0.324
2665.0,0.0
2666.0,0.222
2668.0,0.12
2670.0,0.4
2672.0,0.167
2673.0,0.5
2674.0,0.5
2675.0,0.0
2676.0,0.333
2677.0,0.0
2679.0,0.0
2681.0,0.0
2682.0,0.5
2684.0,0.0
2685.0,0.0
2686.0,0.0
2687.0,0.0
2688.0,0.0
2689.0,0.0
2692.0,0.0
2693.0,0.0
2694.0,0.0
2695.0,0.6
2696.0,0.0
2697.0,0.2
2698.0,0.175
2699.0,0.667
2700.0,0.0
2702.0,0.152
2703.0,0.0
2704.0,0.25
2705.0,0.0
2706.0,0.214
2708.0,0.203
2709.0,0.0
2710.0,0.0
2711.0,0.142
2713.0,0.5
2714.0,0.0
2716.0,0.0
2717.0,1.0
2718.0,0.248
2719.0,0.0
2720.0,0.217
2721.0,0.75
2722.0,0.22
2723.0,0.857
2724.0,0.0
2726.0,0.0
2727.0,0.0
2728.0,0.0
2730.0,0.222
2732.0,0.0
2733.0,0.0
2736.0,0.069
2738.0,0.154
2741.0,0.381
2742.0,0.237
2743.0,0.179
2745.0,0.0
2746.0,0.111
2747.0,0.0
2748.0,0.183
2750.0,0.0
2753.0,0.571
2754.0,0.0
2755.0,0.194
2756.0,0.0
2758.0,0.0
2759.0,0.182
2762.0,0.0
2763.0,0.306
2764.0,0.364
2765.0,0.0
2768.0,0.75
2769.0,0.0
2770.0,0.5
2771.0,0.1
2774.0,0.1
2775.0,0.0
2776.0,1.0
2778.0,0.125
2779.0,1.0
2780.0,0.333
2781.0,0.143
2782.0,0.0
2783.0,0.0
2784.0,0.0
2785.0,0.0
2786.0,0.0
2787.0,0.0
2789.0,0.0
2790.0,0.182
2791.0,0.0
2792.0,0.0
2793.0,0.0
2794.0,0.0
2795.0,0.167
2796.0,0.5
2797.0,0.0
2798.0,0.0
2799.0,0.0
2801.0,0.231
2804.0,0.0
2805.0,0.083
2806.0,0.0
2808.0,0.353
2810.0,0.0
2812.0,0.267
2813.0,0.385
2814.0,0.48
2815.0,0.149
2817.0,0.333
2819.0,0.167
2820.0,0.0
2821.0,0.286
2822.0,0.4
2823.0,1.0
2824.0,0.167
2827.0,0.213
2828.0,0.078
2829.0,0.286
2830.0,0.0
2831.0,0.233
2832.0,0.0
2834.0,0.0
2835.0,0.278
2837.0,0.0
2838.0,0.0
2839.0,0.357
2840.0,0.333
2841.0,0.429
2842.0,0.25
2843.0,0.0
2844.0,0.0
2845.0,0.247
2846.0,0.214
2847.0,0.167
2848.0,0.0
2849.0,0.0
2850.0,0.0
2851.0,0.0
2852.0,0.0
2855.0,0.5
2857.0,0.0
2858.0,0.0
2860.0,0.239
2861.0,0.0
2862.0,0.215
2863.0,1.0
2864.0,0.364
2865.0,0.182
2866.0,0.0
2867.0,0.0
2869.0,0.0
2870.0,1.0
2873.0,0.0
2874.0,0.194
2876.0,0.267
2877.0,0.246
2878.0,0.0
2879.0,0.0
2880.0,0.0
2881.0,0.5
2883.0,0.333
2884.0,0.154
2887.0,0.0
2888.0,0.222
2889.0,0.0
2891.0,1.0
2893.0,1.0
2894.0,0.0
2897.0,0.352
2898.0,0.0
2899.0,0.167
2900.0,0.0
2902.0,0.0
2903.0,0.4
2906.0,1.0
2907.0,0.067
2908.0,0.112
2909.0,0.212
2911.0,0.083
2912.0,0.667
2913.0,0.5
2914.0,0.889
2915.0,0.292
2917.0,0.165
2919.0,0.0
2920.0,0.118
2922.0,0.0
2924.0,0.0
2925.0,0.667
2927.0,0.5
2928.0,0.0
2929.0,0.0
2930.0,0.05
2931.0,0.0
2932.0,0.111
2933.0,0.214
2935.0,1.0
2937.0,0.333
2938.0,0.273
2939.0,0.22
2941.0,0.0
2942.0,0.0
2946.0,0.25
2948.0,0.0
2949.0,0.091
2950.0,0.167
2951.0,0.0
2952.0,0.165
2953.0,0.05
2954.0,0.0
2955.0,0.0
2958.0,0.0
2959.0,0.0
2962.0,0.118
2963.0,0.291
2965.0,0.0
2966.0,0.0
2969.0,0.333
2970.0,0.219
2971.0,0.0
2972.0,0.0
2973.0,0.0
2974.0,1.0
2975.0,0.0
2976.0,0.286
2977.0,0.2
2978.0,0.4
2980.0,0.0
2981.0,0.0
2982.0,0.25
2983.0,0.375
2984.0,0.0
2985.0,0.333
2986.0,0.667
2987.0,0.545
2989.0,0.122
2990.0,0.037
2991.0,0.0
2993.0,0.0
2994.0,0.0
2995.0,0.0
2996.0,0.6
2998.0,0.062
2999.0,0.083
3000.0,0.0
3002.0,0.2
3003.0,0.1
3005.0,0.162
3006.0,0.0
3007.0,0.286
3008.0,0.0
3009.0,0.0
3010.0,1.0
3012.0,0.238
3013.0,1.0
3014.0,1.0
3015.0,1.0
3017.0,0.5
3018.0,1.0
3019.0,0.0
3022.0,0.0
3023.0,0.0
3024.0,0.0
3025.0,0.0
3026.0,1.0
3028.0,1.0
3029.0,0.0
3030.0,0.0
3031.0,0.0
3032.0,0.038
3034.0,0.0
3035.0,0.0
3036.0,0.0
3037.0,0.0
3038.0,0.0
3039.0,0.333
3041.0,0.0
3042.0,0.333
3043.0,1.0
3044.0,1.0
3048.0,0.5
3051.0,0.0
3052.0,0.262
3053.0,0.019
3054.0,0.171
3055.0,0.5
3056.0,0.286
3058.0,0.25
3059.0,0.0
3060.0,1.0
3061.0,0.455
3062.0,0.091
3063.0,1.0
3065.0,0.0
3066.0,0.0
3067.0,0.0
3069.0,0.0
3070.0,0.0
3071.0,0.0
3072.0,0.158
3073.0,0.099
3074.0,0.2
3075.0,0.152
3077.0,0.0
3078.0,0.172
3079.0,0.237
3081.0,0.5
3082.0,0.0
3083.0,0.333
3084.0,0.333
3085.0,0.318
3086.0,0.2
3087.0,0.303
3088.0,0.0
3092.0,0.0
3093.0,0.0
3094.0,0.0
3095.0,0.5
3096.0,0.0
3097.0,1.0
3098.0,0.194
3099.0,0.246
3100.0,0.0
3101.0,0.0
3102.0,0.0
3103.0,0.105
3104.0,0.0
3107.0,0.323
3108.0,0.0
3110.0,0.0
3111.0,0.0
3112.0,0.0
3114.0,0.3
3115.0,0.217
3116.0,0.25
3117.0,0.0
3119.0,0.25
3120.0,0.158
3121.0,0.357
3122.0,0.0
3123.0,0.284
3124.0,0.203
3127.0,0.273
3129.0,1.0
3131.0,0.071
3133.0,0.0
3134.0,0.0
3135.0,0.0
3137.0,0.0
3138.0,0.0
3140.0,0.2
3141.0,0.286
3142.0,0.0
3143.0,0.25
3145.0,0.151
3147.0,0.0
3148.0,0.156
3150.0,0.0
3151.0,0.204
3153.0,0.0
3154.0,0.125
3156.0,1.0
3157.0,0.333
3158.0,0.2
3159.0,0.085
3160.0,0.4
3161.0,0.143
3162.0,0.221
3163.0,0.0
3164.0,0.0
3165.0,0.2
3166.0,0.0
3167.0,0.0
3169.0,0.364
3170.0,0.0
3172.0,0.308
3174.0,0.321
3175.0,0.217
3176.0,0.0
3178.0,0.0
3179.0,0.0
3180.0,0.75
3181.0,0.0
3182.0,0.25
3183.0,0.0
3184.0,0.0
3185.0,0.286
3186.0,1.0
3187.0,0.0
3188.0,0.0
3190.0,1.0
3191.0,0.0
3192.0,0.237
3194.0,0.0
3195.0,0.231
3196.0,0.188
3198.0,0.0
3199.0,0.267
3200.0,0.3
3201.0,0.269
3202.0,0.0
3203.0,0.238
3205.0,0.143
3206.0,0.133
3209.0,0.0
3210.0,0.167
3211.0,0.0
3212.0,0.0
3213.0,0.5
3215.0,0.167
3216.0,0.4
3217.0,0.667
3218.0,0.0
3219.0,0.176
3220.0,0.0
3221.0,0.177
3222.0,0.0
3223.0,0.0
3224.0,0.1
3225.0,0.0
3226.0,0.4
3229.0,0.667
3230.0,0.0
3232.0,0.0
3233.0,0.0
3234.0,0.0
3235.0,1.0
3236.0,0.4
3237.0,0.0
3238.0,0.0
3239.0,0.224
3240.0,0.406
3241.0,0.75
3242.0,0.0
3243.0,0.222
3244.0,0.125
3245.0,1.0
3246.0,0.0
3247.0,0.0
3248.0,0.5
3249.0,0.0
3251.0,0.188
3252.0,0.0
3254.0,0.6
3255.0,1.0
3256.0,0.0
3257.0,0.5
3258.0,0.385
3259.0,0.0
3260.0,0.0
3261.0,0.094
3262.0,0.259
3263.0,0.172
3264.0,0.0
3265.0,0.0
3266.0,0.286
3268.0,0.0
3269.0,0.0
3270.0,0.085
3272.0,0.067
3273.0,1.0
3274.0,0.0
3275.0,0.667
3277.0,0.444
3278.0,0.12
3279.0,0.167
3281.0,0.058
3283.0,0.0
3284.0,0.187
3285.0,0.2
3287.0,0.129
3289.0,0.0
3290.0,0.0
3291.0,0.5
3293.0,0.333
3294.0,0.094
3295.0,0.215
3296.0,0.062
3300.0,0.185
3302.0,0.0
3303.0,0.183
3304.0,0.343
3305.0,0.242
3307.0,0.0
3308.0,0.0
3309.0,0.0
3310.0,0.381
3311.0,0.107
3313.0,0.244
3314.0,0.0
3315.0,0.0
3316.0,0.6
3317.0,0.154
3319.0,0.286
3320.0,0.125
3321.0,0.021
3322.0,0.221
3323.0,0.0
3324.0,0.167
3325.0,0.0
3326.0,1.0
3327.0,0.167
3328.0,0.083
3329.0,0.0
3330.0,0.0
3332.0,0.133
3334.0,0.0
3335.0,0.15
3336.0,0.0
3337.0,0.234
3338.0,0.131
3339.0,0.0
3340.0,0.0
3341.0,0.0
3342.0,0.132
3343.0,0.562
3344.0,0.0
3345.0,1.0
3346.0,0.2
3347.0,0.111
3348.0,0.0
3349.0,0.0
3351.0,0.0
3352.0,0.156
3355.0,0.0
3356.0,0.0
3357.0,0.0
3358.0,0.161
3359.0,0.0
3360.0,0.0
3361.0,0.0
3362.0,0.069
3363.0,0.212
3365.0,0.0
3366.0,0.364
3367.0,0.0
3369.0,0.2
3370.0,0.5
3371.0,0.109
3372.0,0.4
3373.0,1.0
3374.0,0.227
3376.0,0.0
3377.0,1.0
3378.0,0.0
3379.0,0.035
3383.0,0.125
3384.0,0.083
3385.0,0.0
3386.0,0.225
3387.0,0.25
3389.0,0.2
3390.0,1.0
3392.0,0.0
3393.0,0.0
3394.0,0.0
3395.0,0.277
3396.0,0.0
3397.0,0.306
3398.0,1.0
3400.0,0.162
3403.0,0.0
3404.0,0.202
3405.0,0.333
3406.0,0.292
3407.0,0.0
3408.0,0.0
3411.0,0.263
3412.0,0.243
3413.0,0.0
3414.0,0.091
3415.0,0.3
3416.0,0.263
3417.0,0.154
3418.0,0.0
3419.0,0.121
3422.0,0.0
3424.0,0.0
3425.0,0.5
3426.0,0.6
3428.0,0.0
3430.0,0.0
3431.0,0.0
3432.0,0.75
3433.0,1.0
3434.0,0.048
3435.0,0.286
3436.0,0.0
3437.0,0.0
3438.0,0.1
3439.0,0.269
3440.0,0.0
3443.0,0.3
3445.0,1.0
3446.0,0.0
3447.0,0.253
3450.0,0.246
3451.0,0.222
3452.0,0.275
3453.0,0.235
3454.0,0.235
3455.0,0.0
3456.0,0.0
3457.0,0.667
3459.0,0.206
3461.0,0.0
3462.0,1.0
3464.0,0.5
3466.0,0.0
3467.0,1.0
3468.0,0.0
3469.0,0.222
3471.0,0.0
3472.0,0.214
3473.0,0.0
3474.0,0.0
3476.0,0.0
3478.0,0.0
3479.0,0.0
3480.0,0.6
3481.0,0.333
3482.0,1.0
3483.0,0.375
3484.0,0.069
3485.0,0.222
3486.0,0.186
3488.0,0.205
3489.0,0.231
3490.0,0.0
3492.0,0.0
3493.0,0.25
3494.0,0.0
3495.0,0.205
3496.0,0.0
3497.0,0.0
3498.0,0.5
3499.0,0.0
3500.0,0.361
3501.0,1.0
3504.0,0.0
3505.0,0.2
3506.0,0.0
3507.0,0.069
3509.0,0.294
3510.0,0.289
3511.0,0.1
3512.0,0.0
3515.0,0.4
3516.0,0.579
3517.0,1.0
3520.0,0.0
3521.0,0.0
3522.0,0.0
3523.0,1.0
3524.0,0.0
3525.0,0.571
3526.0,0.312
3527.0,0.091
3528.0,0.0
3529.0,0.0
3530.0,0.0
3532.0,0.0
3533.0,1.0
3537.0,0.0
3539.0,0.133
3541.0,0.214
3543.0,1.0
3544.0,1.0
3547.0,0.0
3548.0,0.333
3550.0,0.184
3551.0,0.0
3552.0,0.0
3553.0,0.0
3554.0,0.0
3555.0,0.0
3557.0,0.0
3559.0,0.0
3560.0,0.0
3561.0,0.0
3562.0,0.0
3564.0,0.0
3565.0,0.163
3566.0,0.667
3569.0,0.0
3571.0,0.0
3572.0,0.0
3573.0,0.222
3574.0,0.364
3575.0,0.0
3576.0,0.0
3578.0,0.0
3579.0,0.122
3580.0,0.0
3582.0,0.25
3583.0,0.2
3584.0,0.375
3586.0,0.34
3587.0,0.2
3589.0,1.0
3590.0,0.0
3592.0,0.0
3594.0,0.4
3595.0,0.0
3596.0,0.0
3597.0,0.0
3600.0,0.0
3601.0,0.249
3604.0,0.0
3607.0,0.0
3608.0,0.322
3609.0,0.5
3613.0,0.0
3614.0,0.5
3615.0,0.0
3617.0,0.0
3618.0,0.2
3619.0,0.179
3621.0,0.533
3623.0,0.0
3624.0,0.0
3625.0,0.25
3629.0,0.0
3630.0,0.0
3631.0,0.0
3632.0,0.0
3633.0,1.0
3634.0,0.25
3637.0,1.0
3638.0,0.0
3639.0,0.0
3640.0,0.0
3642.0,0.0
3643.0,0.0
3645.0,0.154
3646.0,0.0
3647.0,0.1
3649.0,0.222
3650.0,0.0
3652.0,0.0
3653.0,0.0
3654.0,0.0
3655.0,0.0
3656.0,0.0
3658.0,0.0
3659.0,0.0
3660.0,0.045
3662.0,0.0
3663.0,0.0
3664.0,0.113
3665.0,1.0
3667.0,0.242
3668.0,0.0
3669.0,0.778
3670.0,1.0
3671.0,0.4
3672.0,0.0
3673.0,0.0
3674.0,0.135
3676.0,0.179
3677.0,0.0
3679.0,0.0
3680.0,1.0
3681.0,0.0
3682.0,0.213
3683.0,0.0
3684.0,0.0
3685.0,0.167
3688.0,0.148
3690.0,0.0
3691.0,0.0
3692.0,0.3
3693.0,0.219
3694.0,0.75
3695.0,0.2
3696.0,0.0
3697.0,0.0
3698.0,0.125
3699.0,0.0
3700.0,0.0
3701.0,0.0
3702.0,0.0
3703.0,0.0
3704.0,0.115
3705.0,0.0
3706.0,0.0
3707.0,1.0
3708.0,0.0
3709.0,0.0
3710.0,1.0
3711.0,0.3
3712.0,0.102
3713.0,0.0
3715.0,0.214
3716.0,0.722
3717.0,0.233
3718.0,0.0
3722.0,0.0
3723.0,0.667
3725.0,1.0
3727.0,0.0
3729.0,0.31
3731.0,0.0
3732.0,0.267
3733.0,0.164
3734.0,0.0
3735.0,0.0
3736.0,0.0
3738.0,0.0
3739.0,0.109
3741.0,0.205
3742.0,0.0
3744.0,0.167
3746.0,0.3
3747.0,0.5
3749.0,0.24
3750.0,0.268
3751.0,0.214
3752.0,0.176
3753.0,0.268
3754.0,0.0
3755.0,0.172
3757.0,0.0
3758.0,0.467
3759.0,0.214
3761.0,0.156
3762.0,0.234
3763.0,0.25
3767.0,0.2
3768.0,0.0
3769.0,1.0
3770.0,0.0
3772.0,0.174
3774.0,0.0
3775.0,0.036
3776.0,0.524
3778.0,0.4
3779.0,0.0
3780.0,0.0
3781.0,0.154
3782.0,0.333
3783.0,0.142
3784.0,1.0
3785.0,0.242
3786.0,0.41
3787.0,0.0
3788.0,1.0
3789.0,0.0
3790.0,0.0
3792.0,0.0
3793.0,0.0
3795.0,0.091
3797.0,0.4
3798.0,0.125
3800.0,0.163
3801.0,0.0
3802.0,0.0
3803.0,0.2
3804.0,1.0
3807.0,0.222
3808.0,0.5
3809.0,0.0
3812.0,0.333
3814.0,0.0
3815.0,0.286
3816.0,0.249
3817.0,0.444
3819.0,0.0
3820.0,0.3
3821.0,0.235
3822.0,0.0
3823.0,0.0
3824.0,0.067
3826.0,1.0
3828.0,0.4
3829.0,0.12
3831.0,0.0
3832.0,0.067
3834.0,1.0
3835.0,0.25
3836.0,0.233
3837.0,0.194
3838.0,1.0
3839.0,0.0
3840.0,0.222
3841.0,0.0
3843.0,0.162
3846.0,0.0
3847.0,1.0
3848.0,0.286
3849.0,1.0
3853.0,0.0
3854.0,0.5
3855.0,0.727
3856.0,0.0
3857.0,0.158
3859.0,0.0
3861.0,0.0
3862.0,0.2
3863.0,0.217
3864.0,0.0
3865.0,0.091
3866.0,0.151
3868.0,0.0
3869.0,1.0
3870.0,0.253
3871.0,0.0
3872.0,0.0
3873.0,0.0
3874.0,0.0
3875.0,0.1
3876.0,0.0
3877.0,0.25
3878.0,0.085
3879.0,0.261
3880.0,0.5
3882.0,0.0
3884.0,0.324
3885.0,0.25
3886.0,0.105
3887.0,0.143
3888.0,0.0
3889.0,0.0
3890.0,0.0
3891.0,0.0
3892.0,0.0
3896.0,0.0
3899.0,0.0
3901.0,0.0
3902.0,0.182
3903.0,0.0
3905.0,0.5
3908.0,0.273
3909.0,0.0
3910.0,0.346
3912.0,0.667
3913.0,0.104
3914.0,0.0
3915.0,0.0
3917.0,0.0
3918.0,0.4
3920.0,0.333
3921.0,1.0
3922.0,0.344
3924.0,0.5
3926.0,0.0
3927.0,0.27
3928.0,0.0
3929.0,0.282
3934.0,0.217
3935.0,0.208
3936.0,0.071
3937.0,0.364
3939.0,0.125
3940.0,0.0
3941.0,0.0
3942.0,0.8
3943.0,0.25
3944.0,0.2
3945.0,0.333
3946.0,0.0
3947.0,0.0
3948.0,1.0
3949.0,0.0
3950.0,0.0
3951.0,0.085
3954.0,1.0
3955.0,0.263
3956.0,0.0
3958.0,0.167
3959.0,0.0
3960.0,0.0
3961.0,0.07
3962.0,0.0
3963.0,0.25
3965.0,0.0
3966.0,0.152
3967.0,0.0
3968.0,0.458
3969.0,0.192
3970.0,0.429
3971.0,0.5
3972.0,0.5
3975.0,0.375
3976.0,0.111
3977.0,0.23
3978.0,0.189
3979.0,0.333
3980.0,0.143
3981.0,0.667
3982.0,0.0
3983.0,0.0
3985.0,0.0
3986.0,1.0
3987.0,0.167
3990.0,0.0
3995.0,0.0
3996.0,0.8
3997.0,0.4
3998.0,0.0
4001.0,0.0
4002.0,0.167
4003.0,0.0
4004.0,0.0
4005.0,0.333
4007.0,0.0
4008.0,0.0
4010.0,0.0
4011.0,0.0
4012.0,0.053
4015.0,0.0
4016.0,1.0
4018.0,0.0
4019.0,0.0
4020.0,0.25
4021.0,0.167
4022.0,0.0
4024.0,0.0
4025.0,0.0
4026.0,0.0
4027.0,0.091
4028.0,0.0
4030.0,0.333
4031.0,0.0
4032.0,0.5
4033.0,0.248
4034.0,0.0
4035.0,0.233
4036.0,0.5
4038.0,0.13
4040.0,1.0
4041.0,0.286
4042.0,0.375
4043.0,0.0
4044.0,0.0
4045.0,0.211
4047.0,0.257
4048.0,1.0
4049.0,0.152
4050.0,0.0
4051.0,0.057
4052.0,0.15
4053.0,0.0
4054.0,0.0
4056.0,0.0
4057.0,0.295
4059.0,0.156
4060.0,0.222
4061.0,0.0
4062.0,0.0
4063.0,0.0
4064.0,0.0
4067.0,0.071
4068.0,0.0
4069.0,0.222
4070.0,0.1
4071.0,0.25
4072.0,0.0
4073.0,0.0
4074.0,0.25
4075.0,0.0
4076.0,0.052
4077.0,0.0
4078.0,0.0
4079.0,0.0
4080.0,0.381
4081.0,0.346
4082.0,0.0
4083.0,0.0
4085.0,0.199
4086.0,0.206
4087.0,0.074
4090.0,0.429
4091.0,0.0
4092.0,1.0
4093.0,0.0
4094.0,0.667
4096.0,0.167
4097.0,0.0
4098.0,0.0
4101.0,0.163
4102.0,0.0
4103.0,0.0
4105.0,0.22
4106.0,0.0
4107.0,0.0
4108.0,0.0
4110.0,1.0
4111.0,0.0
4112.0,0.222
4114.0,0.0
4117.0,0.5
4118.0,0.25
4119.0,0.0
4120.0,0.0
4123.0,0.214
4125.0,0.24
4126.0,0.111
4127.0,0.667
4128.0,0.189
4131.0,0.0
4132.0,0.25
4133.0,0.0
4134.0,0.333
4135.0,0.5
4136.0,0.0
4139.0,0.0
4140.0,0.125
4141.0,0.056
4142.0,0.065
4143.0,0.26
4144.0,1.0
4145.0,0.267
4146.0,0.294
4148.0,0.0
4149.0,0.0
4150.0,0.083
4151.0,0.0
4153.0,0.182
4154.0,1.0
4155.0,0.0
4156.0,1.0
4157.0,0.0
4158.0,0.048
4159.0,0.0
4161.0,0.0
4162.0,0.135
4163.0,0.0
4164.0,0.3
4165.0,0.0
4166.0,0.0
4167.0,0.0
4168.0,0.5
4169.0,0.267
4170.0,0.273
4172.0,0.189
4173.0,0.0
4174.0,1.0
4175.0,0.0
4177.0,0.0
4178.0,0.269
4179.0,0.5
4180.0,0.356
4181.0,0.0
4183.0,0.375
4189.0,0.0
4190.0,0.111
4191.0,0.273
4192.0,0.0
4193.0,0.184
4194.0,0.217
4196.0,0.0
4197.0,0.0
4198.0,0.0
4201.0,1.0
4202.0,0.148
4203.0,0.0
4204.0,0.333
4207.0,0.128
4208.0,0.171
4211.0,0.0
4213.0,0.287
4215.0,0.273
4216.0,0.25
4217.0,0.209
4218.0,0.167
4219.0,0.175
4220.0,1.0
4221.0,0.5
4222.0,0.5
4224.0,0.667
4225.0,0.0
4226.0,0.167
4227.0,0.217
4229.0,0.167
4230.0,0.243
4233.0,0.25
4234.0,0.0
4237.0,0.5
4239.0,0.0
4240.0,0.308
4243.0,0.19
4244.0,0.889
4245.0,0.169
4246.0,0.222
4247.0,0.176
4248.0,0.0
4249.0,0.0
4250.0,0.0
4251.0,0.3
4252.0,0.379
4253.0,0.0
4255.0,1.0
4256.0,0.0
4257.0,0.142
4258.0,1.0
4259.0,0.0
4260.0,0.179
4261.0,0.2
4262.0,0.159
4264.0,0.0
4265.0,0.176
4266.0,0.25
4267.0,0.0
4270.0,0.0
4271.0,0.3
4272.0,0.0
4273.0,0.278
4274.0,0.279
4276.0,0.208
4277.0,0.132
4278.0,0.19
4279.0,1.0
4280.0,0.0
4281.0,0.147
4282.0,0.0
4283.0,0.125
4284.0,0.0
4285.0,0.0
4286.0,0.333
4287.0,0.19
4288.0,0.1
4289.0,0.0
4291.0,0.278
4292.0,0.083
4293.0,0.5
4295.0,0.0
4299.0,0.0
4300.0,0.0
4301.0,0.208
4302.0,0.268
4303.0,0.138
4304.0,0.3
4307.0,0.0
4308.0,0.0
4309.0,0.5
4310.0,0.0
4311.0,0.0
4312.0,0.0
4314.0,0.25
4315.0,0.069
4316.0,1.0
4318.0,0.0
4319.0,0.25
4320.0,0.0
4321.0,0.178
4322.0,0.4
4323.0,0.5
4324.0,0.306
4327.0,0.0
4328.0,0.143
4329.0,0.15
4330.0,0.123
4331.0,0.0
4332.0,1.0
4333.0,0.111
4334.0,0.296
4335.0,0.183
4336.0,0.133
4337.0,0.209
4338.0,0.0
4340.0,0.178
4341.0,0.0
4343.0,0.0
4344.0,0.0
4345.0,0.167
4346.0,0.0
4347.0,0.177
4348.0,0.0
4349.0,0.0
4350.0,1.0
4351.0,0.0
4352.0,0.19
4354.0,0.3
4355.0,0.0
4357.0,0.315
4358.0,1.0
4362.0,0.188
4363.0,0.0
4367.0,0.0
4368.0,0.248
4370.0,0.162
4371.0,0.0
4372.0,0.132
4375.0,0.208
4376.0,0.0
4377.0,0.0
4378.0,0.1
4379.0,0.0
4380.0,1.0
4381.0,0.125
4382.0,0.0
4383.0,0.0
4384.0,0.229
4386.0,0.276
4388.0,0.0
4391.0,0.0
4392.0,0.405
4394.0,0.0
4395.0,0.0
4396.0,0.154
4397.0,0.0
4398.0,0.0
4399.0,0.0
4400.0,0.0
4402.0,0.0
4403.0,0.0
4404.0,0.104
4405.0,1.0
4406.0,0.233
4408.0,0.0
4409.0,0.0
4410.0,0.0
4411.0,1.0
4412.0,0.226
4414.0,0.0
4415.0,0.0
4417.0,0.103
4418.0,1.0
4419.0,0.25
4421.0,0.0
4422.0,0.0
4423.0,0.0
4424.0,1.0
4425.0,0.409
4426.0,0.0
4427.0,0.039
4428.0,0.483
4431.0,0.25
4433.0,0.0
4434.0,0.0
4435.0,0.0
4437.0,0.098
4439.0,0.206
4440.0,0.667
4441.0,0.0
4442.0,0.0
4443.0,0.156
4445.0,0.667
4448.0,0.0
4451.0,0.167
4452.0,0.1
4453.0,0.0
4454.0,0.0
4456.0,0.2
4457.0,0.0
4458.0,0.0
4459.0,0.0
4461.0,0.27
4463.0,0.136
4464.0,0.0
4466.0,0.067
4467.0,0.12
4468.0,0.0
4469.0,0.0
4471.0,0.077
4472.0,0.167
4473.0,0.259
4474.0,0.26
4475.0,0.0
4476.0,0.0
4477.0,0.25
4478.0,0.0
4479.0,0.25
4481.0,0.25
4482.0,0.0
4484.0,0.284
4488.0,0.111
4489.0,0.0
4491.0,0.193
4492.0,0.889
4493.0,0.0
4494.0,0.0
4495.0,0.173
4496.0,0.154
4497.0,0.0
4498.0,0.0
4499.0,1.0
4500.0,0.351
4501.0,0.0
4502.0,0.75
4504.0,0.174
4505.0,0.286
4507.0,0.161
4508.0,0.0
4509.0,0.0
4510.0,0.2
4512.0,0.215
4513.0,0.0
4514.0,0.2
4515.0,0.0
4516.0,0.232
4517.0,0.126
4518.0,0.35
4519.0,0.2
4521.0,0.09
4522.0,1.0
4524.0,0.5
4525.0,0.1
4526.0,0.231
4527.0,1.0
4528.0,0.173
4529.0,0.267
4530.0,0.231
4531.0,0.0
4532.0,0.0
4533.0,1.0
4535.0,0.094
4536.0,0.333
4537.0,0.194
4538.0,0.5
4540.0,0.0
4541.0,0.0
4543.0,0.088
4544.0,0.154
4545.0,0.25
4547.0,0.0
4548.0,0.182
4550.0,0.154
4552.0,0.0
4553.0,0.0
4554.0,0.145
4555.0,0.0
4556.0,0.302
4557.0,0.154
4560.0,0.5
4561.0,1.0
4562.0,0.2
4563.0,0.0
4564.0,0.171
4565.0,0.667
4566.0,0.0
4568.0,0.181
4569.0,0.0
4570.0,1.0
4571.0,0.256
4574.0,0.0
4575.0,0.2
4576.0,0.125
4577.0,0.0
4578.0,0.556
4581.0,0.2
4582.0,0.0
4584.0,0.147
4585.0,0.0
4586.0,0.154
4587.0,0.0
4588.0,0.093
4589.0,0.0
4590.0,0.0
4592.0,0.0
4594.0,0.0
4595.0,0.385
4596.0,0.0
4597.0,0.0
4598.0,0.0
4599.0,0.0
4601.0,0.312
4602.0,0.086
4603.0,0.0
4604.0,0.4
4605.0,0.125
4606.0,0.222
4607.0,0.167
4608.0,0.148
4610.0,0.154
4611.0,0.333
4612.0,0.182
4613.0,0.25
4614.0,0.0
4615.0,0.152
4616.0,0.309
4617.0,0.0
4618.0,0.4
4619.0,0.0
4621.0,0.0
4623.0,0.183
4624.0,0.222
4626.0,0.207
4627.0,0.118
4628.0,0.333
4629.0,0.333
4631.0,0.0
4632.0,0.0
4633.0,1.0
4634.0,1.0
4635.0,0.0
4636.0,1.0
4637.0,0.087
4638.0,0.4
4639.0,0.0
4640.0,0.0
4641.0,0.412
4643.0,0.0
4644.0,0.267
4645.0,0.269
4646.0,0.0
4648.0,0.0
4649.0,1.0
4650.0,0.0
4651.0,0.0
4652.0,0.481
4654.0,0.13
4655.0,0.267
4656.0,0.0
4657.0,0.0
4659.0,0.25
4660.0,0.2
4661.0,0.14
4662.0,0.5
4663.0,0.333
4665.0,0.228
4666.0,0.0
4667.0,0.138
4668.0,1.0
4669.0,1.0
4670.0,0.0
4672.0,0.164
4673.0,0.333
4674.0,0.208
4675.0,0.0
4676.0,0.247
4677.0,0.0
4678.0,0.333
4679.0,0.0
4680.0,0.333
4681.0,0.083
4682.0,0.0
4683.0,0.243
4684.0,0.0
4685.0,1.0
4686.0,0.0
4687.0,0.156
4688.0,0.0
4692.0,0.319
4693.0,0.156
4694.0,0.125
4696.0,0.2
4697.0,0.0
4698.0,0.143
4700.0,0.124
4702.0,0.331
4703.0,0.167
4704.0,0.0
4705.0,0.067
4708.0,0.0
4709.0,0.0
4710.0,0.308
4711.0,0.198
4713.0,0.0
4716.0,1.0
4718.0,0.235
4720.0,0.333
4723.0,0.0
4724.0,0.0
4727.0,0.163
4729.0,0.0
4730.0,0.0
4731.0,0.5
4732.0,0.0
4733.0,0.0
4735.0,0.229
4736.0,0.0
4737.0,0.265
4738.0,0.364
4739.0,0.0
4740.0,0.0
4741.0,0.0
4744.0,0.45
4745.0,0.125
4746.0,0.0
4747.0,0.4
4748.0,0.217
4749.0,0.0
4750.0,0.0
4752.0,0.0
4754.0,0.0
4755.0,0.0
4758.0,1.0
4759.0,0.2
4760.0,0.0
4761.0,1.0
4762.0,0.0
4763.0,0.0
4765.0,0.203
4767.0,0.161
4768.0,0.0
4769.0,0.667
4772.0,1.0
4773.0,0.0
4774.0,0.0
4776.0,0.28
4777.0,0.0
4778.0,0.464
4779.0,0.0
4780.0,0.625
4783.0,0.0
4784.0,0.25
4785.0,0.109
4786.0,0.0
4788.0,0.0
4789.0,0.208
4790.0,0.0
4791.0,1.0
4792.0,0.0
4793.0,0.163
4794.0,0.038
4796.0,0.103
4797.0,0.0
4798.0,0.0
4800.0,0.25
4801.0,1.0
4804.0,0.192
4806.0,0.0
4808.0,0.16
4809.0,0.0
4810.0,0.25
4811.0,0.0
4812.0,0.467
4813.0,0.055
4815.0,0.0
4817.0,0.0
4818.0,0.364
4819.0,0.167
4820.0,0.0
4822.0,0.0
4824.0,0.202
4825.0,0.211
4826.0,0.0
4827.0,0.075
4828.0,0.0
4829.0,0.077
4831.0,0.125
4832.0,0.17
4833.0,0.125
4834.0,0.5
4835.0,0.0
4836.0,1.0
4837.0,0.0
4838.0,1.0
4839.0,0.625
4840.0,0.0
4841.0,0.0
4842.0,0.833
4845.0,0.0
4846.0,0.238
4847.0,0.0
4849.0,0.0
4850.0,0.36
4851.0,0.167
4852.0,0.284
4853.0,0.235
4854.0,0.0
4855.0,0.275
4856.0,0.282
4857.0,0.0
4858.0,0.429
4859.0,0.0
4862.0,0.75
4863.0,0.271
4864.0,0.0
4865.0,0.0
4867.0,0.282
4868.0,1.0
4870.0,0.0
4871.0,0.207
4872.0,0.273
4873.0,0.0
4875.0,1.0
4877.0,0.273
4879.0,0.0
4880.0,0.091
4881.0,0.0
4882.0,0.0
4884.0,0.0
4886.0,0.0
4887.0,0.154
4888.0,0.214
4890.0,0.0
4891.0,0.0
4892.0,0.4
4894.0,0.2
4896.0,0.556
4897.0,0.287
4898.0,0.0
4899.0,0.0
4900.0,0.154
4902.0,1.0
4903.0,0.151
4906.0,1.0
4907.0,0.75
4909.0,0.111
4910.0,0.0
4911.0,0.0
4912.0,0.0
4913.0,0.357
4914.0,0.4
4915.0,0.2
4916.0,0.216
4919.0,0.0
4921.0,0.0
4922.0,0.0
4923.0,0.0
4924.0,0.162
4929.0,0.4
4930.0,0.0
4931.0,0.067
4932.0,0.0
4933.0,0.333
4934.0,0.261
4935.0,0.0
4937.0,0.267
4938.0,0.206
4939.0,0.0
4940.0,0.128
4941.0,0.4
4942.0,0.0
4943.0,0.0
4944.0,0.0
4946.0,0.095
4947.0,0.241
4949.0,0.196
4953.0,0.0
4954.0,0.429
4955.0,0.0
4956.0,1.0
4957.0,0.6
4958.0,0.25
4959.0,0.182
4960.0,0.0
4961.0,0.229
4962.0,0.667
4963.0,0.15
4964.0,0.0
4965.0,0.333
4967.0,0.235
4968.0,0.0
4969.0,0.0
4970.0,0.286
4972.0,0.0
4973.0,0.143
4975.0,0.118
4977.0,0.2
4978.0,0.0
4979.0,1.0
4981.0,0.0
4982.0,0.145
4983.0,0.0
4984.0,0.0
4985.0,0.2
4986.0,0.0
4987.0,1.0
4988.0,1.0
4990.0,0.0
4991.0,0.0
4992.0,0.25
4993.0,0.125
4994.0,0.5
4995.0,0.0
4998.0,0.0
4999.0,0.0
5000.0,0.5
5001.0,0.048
5002.0,0.0
5004.0,0.204
5005.0,0.0
5006.0,0.235
5007.0,0.132
5010.0,0.217
5012.0,0.164
5013.0,0.0
5014.0,0.0
5015.0,1.0
5016.0,1.0
5017.0,0.0
5018.0,0.0
5019.0,1.0
5020.0,1.0
5021.0,0.407
5022.0,0.272
5023.0,1.0
5024.0,0.0
5025.0,0.156
5026.0,0.0
5027.0,0.0
5028.0,0.5
5030.0,0.4
5031.0,0.462
5032.0,1.0
5034.0,0.0
5035.0,0.0
5036.0,0.129
5037.0,0.0
5039.0,0.167
5040.0,0.0
5041.0,0.143
5044.0,1.0
5047.0,0.5
5048.0,0.167
5051.0,0.115
5052.0,0.0
5056.0,0.105
5057.0,0.143
5058.0,0.0
5059.0,0.0
5061.0,0.4
5062.0,0.077
5065.0,0.0
5066.0,0.0
5067.0,0.25
5068.0,0.222
5069.0,0.375
5070.0,0.0
5072.0,0.222
5074.0,0.0
5075.0,0.333
5076.0,0.667
5077.0,0.333
5078.0,0.158
5080.0,0.118
5083.0,0.0
5085.0,0.0
5086.0,0.0
5087.0,1.0
5088.0,0.333
5091.0,0.0
5092.0,0.167
5094.0,0.067
5095.0,0.0
5096.0,0.295
5097.0,0.333
5098.0,0.333
5099.0,0.228
5102.0,0.0
5103.0,0.0
5104.0,1.0
5105.0,0.2
5106.0,0.0
5107.0,0.333
5108.0,1.0
5109.0,0.0
5111.0,0.0
5113.0,0.333
5114.0,0.36
5115.0,0.154
5117.0,0.0
5118.0,0.286
5120.0,0.154
5121.0,0.233
5122.0,1.0
5124.0,0.0
5125.0,0.0
5126.0,0.0
5127.0,0.0
5128.0,0.118
5129.0,0.0
5130.0,0.5
5132.0,0.146
5133.0,0.0
5134.0,0.0
5135.0,0.042
5136.0,0.25
5137.0,0.216
5138.0,0.318
5139.0,0.17
5140.0,1.0
5141.0,0.215
5142.0,0.0
5146.0,0.187
5147.0,0.2
5148.0,0.0
5149.0,0.229
5152.0,0.25
5153.0,0.147
5154.0,0.5
5155.0,0.286
5156.0,0.177
5157.0,0.0
5158.0,0.0
5159.0,1.0
5160.0,0.333
5161.0,0.667
5162.0,0.0
5166.0,0.244
5168.0,1.0
5170.0,0.0
5171.0,0.588
5173.0,0.279
5174.0,0.208
5178.0,0.286
5179.0,0.0
5180.0,0.0
5181.0,0.294
5182.0,0.0
5183.0,0.0
5184.0,0.0
5185.0,0.227
5186.0,1.0
5187.0,0.0
5188.0,0.333
5189.0,0.0
5190.0,0.0
5191.0,0.0
5192.0,0.0
5197.0,0.167
5198.0,0.237
5199.0,1.0
5200.0,0.0
5201.0,0.0
5202.0,0.111
5203.0,0.4
5204.0,0.182
5205.0,0.0
5206.0,0.0
5209.0,0.375
5212.0,0.4
5213.0,0.0
5215.0,0.0
5216.0,0.121
5217.0,0.667
5219.0,0.333
5220.0,0.077
5222.0,0.2
5223.0,0.0
5224.0,0.3
5225.0,0.0
5226.0,0.5
5228.0,0.096
5230.0,0.236
5232.0,1.0
5233.0,0.0
5234.0,0.0
5235.0,0.25
5237.0,0.222
5239.0,1.0
5240.0,0.0
5241.0,0.0
5242.0,0.0
5244.0,0.455
5246.0,0.2
5247.0,1.0
5248.0,0.333
5250.0,0.193
5251.0,1.0
5252.0,0.0
5254.0,0.0
5255.0,1.0
5257.0,0.217
5258.0,0.073
5259.0,0.087
5260.0,0.1
5261.0,0.1
5262.0,0.2
5263.0,0.333
5264.0,0.181
5265.0,1.0
5267.0,0.234
5269.0,0.25
5271.0,0.0
5272.0,0.16
5273.0,0.214
5274.0,0.0
5275.0,0.15
5276.0,0.727
5278.0,0.0
5279.0,0.333
5280.0,0.216
5281.0,0.0
5283.0,0.269
5284.0,0.0
5285.0,0.0
5289.0,0.0
5290.0,0.0
5291.0,0.571
5292.0,0.091
5293.0,0.341
5295.0,0.143
5296.0,0.2
5298.0,0.0
5299.0,0.0
5301.0,0.0
5302.0,0.0
5303.0,0.0
5304.0,0.0
5305.0,0.0
5306.0,0.265
5307.0,0.3
5308.0,0.209
5310.0,0.235
5311.0,1.0
5312.0,0.0
5314.0,0.0
5317.0,0.0
5318.0,0.0
5319.0,0.141
5320.0,0.132
5322.0,0.077
5323.0,0.333
5324.0,0.0
5325.0,0.0
5327.0,0.25
5328.0,0.0
5329.0,0.023
5331.0,0.111
5332.0,0.0
5333.0,0.047
5336.0,0.333
5338.0,0.143
5339.0,0.2
5340.0,0.0
5341.0,0.0
5342.0,0.182
5344.0,0.0
5346.0,0.0
5348.0,0.0
5349.0,1.0
5351.0,0.25
5352.0,0.224
5354.0,0.179
5355.0,0.375
5356.0,0.2
5358.0,1.0
5359.0,0.0
5360.0,0.0
5362.0,0.4
5363.0,0.0
5364.0,0.19
5366.0,0.5
5367.0,0.333
5368.0,0.019
5370.0,0.5
5371.0,0.0
5373.0,0.282
5374.0,0.281
5375.0,0.235
5376.0,0.0
5377.0,0.167
5378.0,0.139
5379.0,0.0
5380.0,0.0
5381.0,0.25
5382.0,0.08
5383.0,0.0
5385.0,1.0
5387.0,0.0
5388.0,0.0
5389.0,0.0
5390.0,0.067
5391.0,0.0
5392.0,0.0
5394.0,0.289
5395.0,0.0
5396.0,0.144
5397.0,0.143
5398.0,0.5
5400.0,0.3
5402.0,0.0
5403.0,0.0
5404.0,0.0
5406.0,0.091
5407.0,0.0
5409.0,1.0
5410.0,0.169
5411.0,0.353
5412.0,0.1
5413.0,0.0
5414.0,0.0
5415.0,0.2
5416.0,0.186
5417.0,0.0
5418.0,0.0
5420.0,0.0
5425.0,0.0
5426.0,0.0
5427.0,0.0
5428.0,0.2
5431.0,0.25
5432.0,0.0
5433.0,0.111
5434.0,0.0
5437.0,0.0
5439.0,0.065
5441.0,0.4
5442.0,0.0
5443.0,0.0
5444.0,0.667
5445.0,0.294
5446.0,0.0
5447.0,0.1
5448.0,0.362
5450.0,0.333
5454.0,0.294
5455.0,0.103
5456.0,1.0
5457.0,0.17
5458.0,0.2
5459.0,0.143
5461.0,1.0
5462.0,0.0
5463.0,0.143
5464.0,0.256
5465.0,0.222
5466.0,1.0
5467.0,0.2
5469.0,0.368
5471.0,0.0
5472.0,0.0
5473.0,0.375
5474.0,0.162
5475.0,0.172
5476.0,0.295
5478.0,0.0
5479.0,0.0
5480.0,0.201
5481.0,0.0
5482.0,0.192
5483.0,0.0
5485.0,0.143
5486.0,1.0
5487.0,0.222
5488.0,0.0
5489.0,0.333
5490.0,0.0
5491.0,0.231
5492.0,0.125
5493.0,0.222
5494.0,0.5
5495.0,0.0
5496.0,0.131
5498.0,0.201
5499.0,0.156
5500.0,1.0
5501.0,1.0
5504.0,0.0
5505.0,0.2
5506.0,0.1
5507.0,0.333
5508.0,0.333
5509.0,0.348
5511.0,0.0
5512.0,0.25
5513.0,0.269
5514.0,0.0
5517.0,0.0
5521.0,0.053
5522.0,0.0
5523.0,0.141
5524.0,0.0
5525.0,0.0
5526.0,0.0
5527.0,0.351
5528.0,0.0
5529.0,0.026
5530.0,1.0
5532.0,0.0
5534.0,0.0
5535.0,0.066
5536.0,0.389
5537.0,0.288
5539.0,0.4
5540.0,0.238
5541.0,0.0
5544.0,0.145
5545.0,0.192
5546.0,0.667
5547.0,0.667
5548.0,0.154
5549.0,0.286
5550.0,0.0
5551.0,0.286
5552.0,0.667
5553.0,0.2
5555.0,1.0
5561.0,0.218
5563.0,0.333
5564.0,0.0
5565.0,0.357
5566.0,1.0
5567.0,0.308
5570.0,0.0
5571.0,0.2
5572.0,1.0
5573.0,0.0
5575.0,0.0
5576.0,0.233
5577.0,0.304
5578.0,0.0
5579.0,0.333
5580.0,0.0
5581.0,0.243
5582.0,0.146
5584.0,0.0
5585.0,1.0
5587.0,0.0
5588.0,0.0
5589.0,0.0
5590.0,0.0
5591.0,0.25
5593.0,0.252
5594.0,0.0
5595.0,0.417
5596.0,0.0
5598.0,0.667
5599.0,0.071
5600.0,0.242
5601.0,0.0
5602.0,0.069
5603.0,0.213
5604.0,0.227
5605.0,0.4
5606.0,0.0
5607.0,0.0
5609.0,0.19
5610.0,0.0
5611.0,0.333
5613.0,0.143
5617.0,0.286
5618.0,0.0
5619.0,0.0
5622.0,0.222
5623.0,0.0
5624.0,0.13
5625.0,0.0
5626.0,0.212
5627.0,1.0
5629.0,0.342
5630.0,0.0
5632.0,0.2
5633.0,0.0
5636.0,1.0
5638.0,0.228
5641.0,0.091
5642.0,0.0
5645.0,0.0
5646.0,0.0
5647.0,1.0
5648.0,0.091
5649.0,0.0
5650.0,1.0
5651.0,0.0
5652.0,0.143
5653.0,0.333
5654.0,0.187
5656.0,0.174
5657.0,0.143
5658.0,0.263
5659.0,0.0
5660.0,0.0
5661.0,0.0
5663.0,0.222
5664.0,0.0
5665.0,0.192
5666.0,0.0
5667.0,0.25
5668.0,0.067
5669.0,1.0
5670.0,0.338
5673.0,0.0
5674.0,0.417
5675.0,0.0
5676.0,0.182
5677.0,0.214
5678.0,0.0
5679.0,0.111
5680.0,0.0
5681.0,0.0
5682.0,1.0
5683.0,0.25
5684.0,0.423
5686.0,0.25
5687.0,0.0
5689.0,0.25
5690.0,0.273
5694.0,1.0
5695.0,1.0
5696.0,0.0
5697.0,0.0
5699.0,0.088
5700.0,0.0
